;Query;Tweet;Username;Date;Hashtags;Likes;Retweets;URL
0;Obama;Now do Reagan through Obama. https://t.co/QEd7LnMW3E;J_Dubya80;Thu Dec 17 14:01:56 +0000 2020;['No Hashtags'];0;0;['https://t.co/QEd7LnMW3E']
1;Obama;In fairness, the President is a dumb fucker. https://t.co/8kePv6JmrQ;JoHoSnow;Thu Dec 17 13:50:01 +0000 2020;['No Hashtags'];0;0;['https://t.co/8kePv6JmrQ']
2;Obama;of course President Xi has absolutely no idea... https://t.co/wT12HGwlO1;spencerreiss;Thu Dec 17 13:52:16 +0000 2020;['No Hashtags'];0;0;['https://t.co/wT12HGwlO1']
3;Obama;@GovChristie @gtconway3d Too late Christie. Way damn late. You literally encouraged a psychopath to attack President Elect Biden to trigger a stutter. You are DEPLORABLE to your CORE. You downplayed COVID to keep favor of that same psychopath. We will NEVER FORGET.;MrsWormdog;Thu Dec 17 14:13:02 +0000 2020;['No Hashtags'];0;0;[]
4;Obama;"This kind of callousness started at the top with Donald Trump. Leadership matters. Thank you, Joe Biden, that accountability is coming.

https://t.co/B0RhsMRUL1";JanEngleLewis1;Thu Dec 17 14:08:45 +0000 2020;['No Hashtags'];0;0;['https://t.co/B0RhsMRUL1']
5;Obama;"Guess what two corrupt ignorant pathetic unAmerican unpatriotic treasonous complicit Russian loving assholes said that the Coronavirus would not come back in the winter...Lying Donald Trump &amp; his equally pathetic Lapdog Yes Man Lying Mike Pence";GAGriffin2;Thu Dec 17 14:07:41 +0000 2020;['No Hashtags'];0;0;[]
6;Obama;@ndkirschmann @TNMilitaryDept Because of those particular tweets? Or because her timeline is full of election conspiracy theories and anti-mask nonsense?;timmathews;Thu Dec 17 14:38:25 +0000 2020;['No Hashtags'];12;1;[]
7;Obama;notice the truth rolling out every day since the election was certified https://t.co/nrjQrkaFhk;StillMeDillon;Thu Dec 17 14:24:25 +0000 2020;['No Hashtags'];0;0;['https://t.co/nrjQrkaFhk']
8;Obama;These same assholes are now concerned about Jill Biden having Dr in front of her name. https://t.co/Ur40sm80vB;BillSomhigh36;Thu Dec 17 13:57:44 +0000 2020;['No Hashtags'];0;0;['https://t.co/Ur40sm80vB']
9;Obama;"The Media hate President Donald Trump so much they were willing to undermine our country and our dreams to defeat him.

Sadly, they might have won on this front, but fortunately, they were caught. 

https://t.co/GEnAxH5tXM @realDonaldTrump @RushLimbaughEIB @glennbeck";ha_cassidy;Thu Dec 17 13:57:08 +0000 2020;['No Hashtags'];0;0;['https://t.co/GEnAxH5tXM']
10;Obama;Do you think he'll switch sides and try to be bros with Biden now? https://t.co/gJRZ66vbH4;Dogmomeveryday;Thu Dec 17 14:03:47 +0000 2020;['No Hashtags'];0;0;['https://t.co/gJRZ66vbH4']
11;Obama;"George Carlin- We brought Trump Plague on our selves by electing Leaders by ourselves. Bible says- Humans are dumb when Good times are rolling; they simply forget the Pillar of Salt! Good news is : MAGA Morons, the Dumbest breed of Humans will be erased out slowly due to Covid.";MrFACT;Thu Dec 17 13:52:05 +0000 2020;['No Hashtags'];0;0;[]
12;Obama;@therecount Are you nuts pence? Covid homicide president is guilty...and if you were aware of same knowledge then you are just as bad as that immoral man.;ar_nazaroff;Thu Dec 17 14:07:23 +0000 2020;['No Hashtags'];0;0;[]
13;Obama;Late Nite Comics guess what happens to Trump if neighbors bar him from Mar-a-Lago https://t.co/UrSpahoj9Z via @flipboard #Trump #facts #covid19 #Fauci #GOPBetrayedAmerica #CNN #Democrats #Trump2020 @FameRTR #NYT #Biden #TrumpIsPathetic #TrumpIsACriminal #TrumpIsACompleteFailure;GWx2;Thu Dec 17 14:06:53 +0000 2020;['Trump', 'facts', 'covid19', 'Fauci', 'GOPBetrayedAmerica', 'CNN', 'Democrats', 'Trump2020', 'NYT', 'Biden', 'TrumpIsPathetic', 'TrumpIsACriminal', 'TrumpIsACompleteFailure'];0;0;['https://t.co/UrSpahoj9Z']
14;Obama;Dr. Zelenko wasn‚Äôt blindly following the globalists‚Äô agenda and narrative. BTW, the AMA has said HCQ is ok to be used for COVID-19 now that they THINK Biden will be president. https://t.co/jU7DSm6ArA;lulabella2;Thu Dec 17 13:55:38 +0000 2020;['No Hashtags'];1;1;['https://t.co/jU7DSm6ArA']
15;Obama;@CaytGreen @youtooz @jschlatt Shut you fucking loser he‚Äôs not racist ableist he‚Äôs joking you should be cancelling real racist cough joe biden voted for segregation or Kamala Harris being homophobic trying to make gay marriage illegal or trumps vp wants to take away gay rights;loldyrus3;Thu Dec 17 14:19:42 +0000 2020;['No Hashtags'];0;0;[]
16;Obama;@SenRonJohnson What does Covid have to do with fairly conducted election - talk about buying a pack of lies. Biden hadn‚Äôt come up with one solution Trump hasn‚Äôt already deployed. Please;Betty_Cowell;Thu Dec 17 14:28:10 +0000 2020;['No Hashtags'];0;0;[]
17;Obama;#ReleaseRealityWinnerNow @JoeBiden please make this one of your first acts as President. https://t.co/w9VCJGhFjk;lecavanaugh;Thu Dec 17 14:21:47 +0000 2020;['ReleaseRealityWinnerNow'];15;8;['https://t.co/w9VCJGhFjk']
18;Obama;Not worthy of mention by the ‚Äúhoax‚Äù president? https://t.co/sVqrQ4pAR2;Mtrump2Trump;Thu Dec 17 13:52:42 +0000 2020;['No Hashtags'];0;0;['https://t.co/sVqrQ4pAR2']
19;Obama;We SALUTE OUR PRESIDENT MR DONALD TRUMP and OUR MILITARY,Guam, Hawaii Share COVID-19 Best Practices With Philippines https://t.co/qWY9IGebCl;ChoufanyMaryam;Thu Dec 17 14:17:55 +0000 2020;['No Hashtags'];0;0;['https://t.co/qWY9IGebCl']
20;Pfizer;Extra doses from vials of Pfizer‚Äôs Covid-19 vaccine can be used:¬†USFDA https://t.co/IXYQ2sWDV3;ktnewslive;Thu Dec 17 14:34:32 +0000 2020;['No Hashtags'];0;0;['https://t.co/IXYQ2sWDV3']
21;Pfizer;How the Pfizer and Moderna COVID-19 vaccines compare l¬†GMA https://t.co/O5kHuQq7DC;medicinehelp;Thu Dec 17 14:08:45 +0000 2020;['No Hashtags'];0;0;['https://t.co/O5kHuQq7DC']
22;Pfizer;Cheers to science! Received my first dose of the Pfizer vaccine this morning! #ScienceMatters;66hollyrenee;Thu Dec 17 14:09:36 +0000 2020;['ScienceMatters'];0;0;[]
23;Pfizer;Which vaccine are you taking? üíâ#CoronavirusVaccine #CoronaVaccine #Pfizer #Moderna;Itsdivi_;Thu Dec 17 13:59:12 +0000 2020;['CoronavirusVaccine', 'CoronaVaccine', 'Pfizer', 'Moderna'];0;0;[]
24;Pfizer;Pfizer vaccine administered to surgeon in Nashville https://t.co/UeEUwhKJLx;WJHL11;Thu Dec 17 14:24:44 +0000 2020;['No Hashtags'];2;0;['https://t.co/UeEUwhKJLx']
25;Pfizer;Some vials of Pfizer‚Äôs coronavirus vaccine are carrying extra doses. https://t.co/lBKYeD4DNx;VICENews;Thu Dec 17 14:39:00 +0000 2020;['No Hashtags'];19;4;['https://t.co/lBKYeD4DNx']
26;Pfizer;@MuthuiMkenya The EU hasn't approved the Pfizer vaccine yet, had it been so, he would be out of danger.;eric_shiks;Thu Dec 17 14:03:54 +0000 2020;['No Hashtags'];0;0;[]
27;Pfizer;Covenant HealthCare in Saginaw will be receiving its first shipment of Pfizer‚Äôs COVID-19 vaccine. https://t.co/pAP0PegdRq;WNEMTV5news;Thu Dec 17 14:24:51 +0000 2020;['No Hashtags'];2;0;['https://t.co/pAP0PegdRq']
28;Pfizer;"FDA: Medical personnel can use extra doses of Pfizer coronavirus vaccine in vials

https://t.co/YPet6fQUL9 https://t.co/VaTs9JjLsW";klausammann;Thu Dec 17 13:55:35 +0000 2020;['No Hashtags'];0;0;['https://t.co/YPet6fQUL9', 'https://t.co/VaTs9JjLsW']
29;Pfizer;"Pfizer CEO won't take his own vaccine...üòÇüòÇü§∑‚Äç‚ôÇÔ∏èü§∑‚Äç‚ôÇÔ∏è

https://t.co/NWEhHiT97u";ToolSalesJeff;Thu Dec 17 13:51:31 +0000 2020;['No Hashtags'];0;0;['https://t.co/NWEhHiT97u']
30;Pfizer;"Comparing COVID-19 vaccines: What‚Äôs the difference between the Pfizer and the Moderna dose? 
https://t.co/yTrxNdX1LG via @ptboexaminer";PtboExaminer;Thu Dec 17 14:29:09 +0000 2020;['No Hashtags'];1;0;['https://t.co/yTrxNdX1LG']
31;Pfizer;Comparing COVID-19 vaccines: What‚Äôs the difference between the Pfizer and the Moderna dose? https://t.co/phkn6flXEJ;WildBiology;Thu Dec 17 14:32:40 +0000 2020;['No Hashtags'];0;0;['https://t.co/phkn6flXEJ']
32;Pfizer;Alex Azar details Pfizer COVID-19 vaccine rollout ‚Äòhiccups‚Äô https://t.co/sYf09BX11J;zyiteblog;Thu Dec 17 14:34:02 +0000 2020;['No Hashtags'];0;0;['https://t.co/sYf09BX11J']
33;Pfizer;Alex Azar details Pfizer COVID-19 vaccine rollout ‚Äòhiccups‚Äô https://t.co/9tyQxS9LJk via @foxnews;Chris_1791;Thu Dec 17 14:34:02 +0000 2020;['No Hashtags'];1;0;['https://t.co/9tyQxS9LJk']
34;Pfizer;"After #Pfizer , #USA to approve #Moderna Vaccine today.. 

#CoronaVaccine";rameshlaus;Thu Dec 17 13:48:08 +0000 2020;['Pfizer', 'USA', 'Moderna', 'CoronaVaccine'];306;11;[]
35;Pfizer;"Key differences between the Moderna and Pfizer vaccines
https://t.co/YuKIUB0l6a";bleu_mule;Thu Dec 17 14:05:16 +0000 2020;['No Hashtags'];0;0;['https://t.co/YuKIUB0l6a']
36;Pfizer;How Moderna's coronavirus vaccine differs from Pfizer's - CNN https://t.co/ZR0jDqmeee;Yanina_Romero;Thu Dec 17 13:56:51 +0000 2020;['No Hashtags'];0;0;['https://t.co/ZR0jDqmeee']
37;Pfizer;"A modern Chanukah miracle: the Pfizer vaccine vials might contain extra doses!
https://t.co/UtJNwUFKXH";LintOfDeath;Thu Dec 17 14:13:49 +0000 2020;['No Hashtags'];0;0;['https://t.co/UtJNwUFKXH']
38;Pfizer;"FDA says Pfizer vaccine vials hold extra doses, expanding supply
#DemVoice1  https://t.co/N7lRLyPhmF https://t.co/Z5gsAhlJi6";Cinnamongirl309;Thu Dec 17 14:02:00 +0000 2020;['DemVoice1'];0;0;['https://t.co/N7lRLyPhmF', 'https://t.co/Z5gsAhlJi6']
39;Pfizer;üëçFDA says Pfizer vaccine vials hold extra doses, expanding supply https://t.co/fpX80uKxN3 via @politico;Fabrizi64380023;Thu Dec 17 14:12:22 +0000 2020;['No Hashtags'];0;0;['https://t.co/fpX80uKxN3']
40;Trump;Never underestimate Trumpüá∫üá∏ https://t.co/OiasQZpPq4;CodeMAGA_;Thu Dec 17 13:51:51 +0000 2020;['No Hashtags'];0;0;['https://t.co/OiasQZpPq4']
41;Trump;Trump Genocide https://t.co/hCx0VlxqL5;ShariFreeWill;Thu Dec 17 14:23:46 +0000 2020;['No Hashtags'];1;0;['https://t.co/hCx0VlxqL5']
42;Trump;Trump Disaster!!! https://t.co/qYtbAGgxGA;Thomas35395230;Thu Dec 17 14:10:49 +0000 2020;['No Hashtags'];0;0;['https://t.co/qYtbAGgxGA']
43;Trump;"@TheLeftAreNutz @Roland_Jenkins @ABC It‚Äôs Trump‚Äôs fault

https://t.co/j0Ckc9GEQn";HorizonUnltd;Thu Dec 17 14:30:18 +0000 2020;['No Hashtags'];0;0;['https://t.co/j0Ckc9GEQn']
44;Trump;@candinam next to Donald trump https://t.co/v7a8PXEESq;vahsi_who;Thu Dec 17 14:28:21 +0000 2020;['No Hashtags'];2;2;['https://t.co/v7a8PXEESq']
45;Trump;How is Trump's virus? https://t.co/KqsuaPpv25;PlechaRick;Thu Dec 17 14:18:15 +0000 2020;['No Hashtags'];0;0;['https://t.co/KqsuaPpv25']
46;Trump;Absolutely‚Ä¶we could not have done worse‚Ä¶thanks to Trump and the Trumpettes‚Ä¶.Jared!!!  And Mikey and Mother. https://t.co/SmHRGMrthy;madamdefargeGW;Thu Dec 17 14:26:33 +0000 2020;['No Hashtags'];0;0;['https://t.co/SmHRGMrthy']
47;Trump;Yup! That would be trumps sycophant! https://t.co/KLa00pmNfK;boomer55u;Thu Dec 17 14:27:18 +0000 2020;['No Hashtags'];1;0;['https://t.co/KLa00pmNfK']
48;Trump;Trump ollie-ing on a cigarette. The Trump is actually Communism. (with COVID-19).;newbanksy;Thu Dec 17 14:31:54 +0000 2020;['No Hashtags'];0;0;[]
49;Trump;Chris Christie has been and always will be a Trump Toady. https://t.co/vn09MhMqAE;mmccue56;Thu Dec 17 14:11:55 +0000 2020;['No Hashtags'];0;0;['https://t.co/vn09MhMqAE']
50;Trump;I hate tRUmp https://t.co/pAsvjpaiHD;BeamingWithBlue;Thu Dec 17 14:00:28 +0000 2020;['No Hashtags'];0;0;['https://t.co/pAsvjpaiHD']
51;Trump;Donald Trump‚Äôs America https://t.co/wQGaFhtwWo;Greg_Pomes;Thu Dec 17 14:35:59 +0000 2020;['No Hashtags'];0;0;['https://t.co/wQGaFhtwWo']
52;Trump;@IvankaTrump @realDonaldTrump Try again. Trump name is dirt...  https://t.co/mgYmeP4MWc;1GOLAURIE;Thu Dec 17 13:55:46 +0000 2020;['No Hashtags'];0;0;['https://t.co/mgYmeP4MWc']
53;Trump;@MrJonCryer @NYinLA2121 @marcthiessen Credit ..OK ...I will have a go ..Trump plague .. Trump virus .Trump disease.... Trump COVID... Trump Superspreader;ATheraspberry;Thu Dec 17 14:35:31 +0000 2020;['No Hashtags'];0;0;[]
54;Trump;Yup that‚Äôs the dictator Trump https://t.co/SLmn0rPQLP https://t.co/TkoJ9V8UaV;Elgreco51Ohio;Thu Dec 17 14:09:17 +0000 2020;['No Hashtags'];0;0;['https://t.co/SLmn0rPQLP', 'https://t.co/TkoJ9V8UaV']
55;Trump;Trump‚Äôs grim legacy. https://t.co/UpfYLQgMnw;MarkSeddon1962;Thu Dec 17 14:14:04 +0000 2020;['No Hashtags'];5;1;['https://t.co/UpfYLQgMnw']
56;Trump;Better than his sidekick trump https://t.co/4VEg8njFjt;giscarto;Thu Dec 17 14:18:25 +0000 2020;['No Hashtags'];0;0;['https://t.co/4VEg8njFjt']
57;Trump;Trump and the GOP should be charged with at least manslaughter. https://t.co/WX3eeaR2Ld;ColdFury1;Thu Dec 17 14:21:50 +0000 2020;['No Hashtags'];0;0;['https://t.co/WX3eeaR2Ld']
58;Trump;For Trump and the GOP, that's just a bonus. https://t.co/7FNHYBzToT;skleefeld;Thu Dec 17 13:53:25 +0000 2020;['No Hashtags'];0;0;['https://t.co/7FNHYBzToT']
59;Trump;"TRUMP IS PURE EVIL
https://t.co/w1hpex3S7U";morvjn;Thu Dec 17 13:57:57 +0000 2020;['No Hashtags'];0;0;['https://t.co/w1hpex3S7U']
60;Moderna;@GovRonDeSantis do you own stock in Moderna? https://t.co/O1sAZIo4EX;FloridaNathan;Thu Dec 17 14:38:18 +0000 2020;['No Hashtags'];1;0;['https://t.co/O1sAZIo4EX']
61;Moderna;Watch the FDA Review of the Moderna Vaccine:  https://t.co/P8mvbzVcy8;Eric_Holdeman;Thu Dec 17 13:50:22 +0000 2020;['No Hashtags'];0;0;['https://t.co/P8mvbzVcy8']
62;Moderna;FDA Panel Weighs Moderna‚Äôs COVID-19¬†Vaccine https://t.co/c2eVvR7FJ1;wmfeorlando;Thu Dec 17 14:21:04 +0000 2020;['No Hashtags'];0;0;['https://t.co/c2eVvR7FJ1']
63;Moderna;FDA Panel Weighs Moderna's COVID-19 Vaccine https://t.co/JdlMKrXGC1;jilevin;Thu Dec 17 14:14:04 +0000 2020;['No Hashtags'];5;3;['https://t.co/JdlMKrXGC1']
64;Moderna;FDA Panel Weighs Moderna's COVID-19 Vaccine https://t.co/GbfReiO2Ln - via @NPR https://t.co/LzdlZf2Fbm;VerdantSquare;Thu Dec 17 13:50:02 +0000 2020;['No Hashtags'];0;0;['https://t.co/GbfReiO2Ln', 'https://t.co/LzdlZf2Fbm']
65;Moderna;FDA Panel Weighs Moderna's COVID-19 Vaccine https://t.co/JHeO9xixPD;mhai56;Thu Dec 17 14:09:18 +0000 2020;['No Hashtags'];0;0;['https://t.co/JHeO9xixPD']
66;Moderna;FDA Panel Weighs Moderna's COVID-19 Vaccine https://t.co/cpObzvT33O;TwitmoGotMeDown;Thu Dec 17 14:30:58 +0000 2020;['No Hashtags'];0;0;['https://t.co/cpObzvT33O']
67;Moderna;FDA Panel Weighs Moderna's COVID-19 Vaccine https://t.co/TKbz9N72lx;WCMUNews;Thu Dec 17 14:29:32 +0000 2020;['No Hashtags'];0;0;['https://t.co/TKbz9N72lx']
68;Moderna;FDA Advisory Committee Meets to Discuss Moderna‚Äôs mRNA-1273 Vaccine https://t.co/NhfsL5jJPf;SilasInman;Thu Dec 17 14:34:29 +0000 2020;['No Hashtags'];1;0;['https://t.co/NhfsL5jJPf']
69;Moderna;FDA panel meeting to authorize Moderna COVID-19 vaccine  https://t.co/rccIWDcSCr;KHOU;Thu Dec 17 14:37:31 +0000 2020;['No Hashtags'];4;3;['https://t.co/rccIWDcSCr']
70;Moderna;An FDA committee is reviewing Moderna‚Äôs coronavirus vaccine. Here‚Äôs what to look for. https://t.co/JusXLWyoJh;CovidSalon;Thu Dec 17 13:51:00 +0000 2020;['No Hashtags'];0;0;['https://t.co/JusXLWyoJh']
71;Moderna;FDA advisory committee to consider second COVID-19 vaccine, this one from Moderna, during all-day¬†meeting https://t.co/HVdqF9rIYb;FoppishGang;Thu Dec 17 14:12:40 +0000 2020;['No Hashtags'];0;0;['https://t.co/HVdqF9rIYb']
72;Moderna;"üî¥FDA decides whether to authorize Moderna COVID-19 vaccine

https://t.co/G74VcL3yl5";ProtestMusica;Thu Dec 17 14:06:05 +0000 2020;['No Hashtags'];0;0;['https://t.co/G74VcL3yl5']
73;Moderna;FDA decides whether to authorize Moderna COVID-19 vaccine https://t.co/Yr3KCfR8d8;Reuters;Thu Dec 17 14:03:30 +0000 2020;['No Hashtags'];91;36;['https://t.co/Yr3KCfR8d8']
74;Moderna;üá∫üá∏ üì∫ @Reuters FDA decides whether to authorize Moderna COVID-19 vaccine https://t.co/NSXV4DoZiY;WorldLawyerLive;Thu Dec 17 14:32:59 +0000 2020;['No Hashtags'];0;0;['https://t.co/NSXV4DoZiY']
75;Moderna;FDA to review Moderna's request for emergency use of coronavirus vaccine https://t.co/UAGH5RGv7N;krqe;Thu Dec 17 14:38:50 +0000 2020;['No Hashtags'];0;0;['https://t.co/UAGH5RGv7N']
76;Moderna;US on track to get 2nd vaccine as FDA panel reviews Moderna data - @ABC News https://t.co/9pdpQPsIvm;bleu_mule;Thu Dec 17 14:29:49 +0000 2020;['No Hashtags'];0;0;['https://t.co/9pdpQPsIvm']
77;Moderna;NOW:   FDA starting discussion about emergency use authorization for #Moderna COVID-19 vaccine. https://t.co/GZarkPGrgw;ACNewsman;Thu Dec 17 14:06:34 +0000 2020;['Moderna'];0;0;['https://t.co/GZarkPGrgw']
78;Moderna;"FDA's advisory committee meeting on Moderna's Covid-19 vaccine is kicking off. 

Livestream: https://t.co/iGgIB29kXs";davidalim;Thu Dec 17 14:13:01 +0000 2020;['No Hashtags'];4;0;['https://t.co/iGgIB29kXs']
79;Moderna;FDA committee to discuss emergency use authorization for Moderna's COVID-19 vaccine, Thursday https://t.co/WxpKGqUqAh via @komunews;bakagi;Thu Dec 17 13:50:15 +0000 2020;['No Hashtags'];0;0;['https://t.co/WxpKGqUqAh']
80;Macron;Wade feere gartira hakil e horema Macron wona youma wona bama wona tanee https://t.co/7fzv6Q2qrP;Houleyee93;Thu Dec 17 14:02:32 +0000 2020;['No Hashtags'];21;16;['https://t.co/7fzv6Q2qrP']
81;Macron;Macron https://t.co/9shjPvyTB9;MARCHUMBERT12;Thu Dec 17 13:49:54 +0000 2020;['No Hashtags'];2;2;['https://t.co/9shjPvyTB9']
82;Macron;Me @ macron https://t.co/bw2p8DeUKj https://t.co/SGkPWDR0Jt;MinouZanza;Thu Dec 17 14:09:58 +0000 2020;['No Hashtags'];9;2;['https://t.co/bw2p8DeUKj', 'https://t.co/SGkPWDR0Jt']
83;Macron;Macron https://t.co/ZBmykGm2j2;MARCHUMBERT12;Thu Dec 17 13:49:39 +0000 2020;['No Hashtags'];0;0;['https://t.co/ZBmykGm2j2']
84;Macron;Beter ol #Macron https://t.co/5jxO8E00As;souriree___;Thu Dec 17 14:18:01 +0000 2020;['Macron'];0;0;['https://t.co/5jxO8E00As']
85;Macron;Macron https://t.co/5Ag6LmWvqL;VisBlije;Thu Dec 17 14:28:58 +0000 2020;['No Hashtags'];1;1;['https://t.co/5Ag6LmWvqL']
86;Macron;Macron covid19 hoppa üòÇüôåüëçüëçüëç https://t.co/eSZsq3CgEV https://t.co/HFpx9nQ8fH;AppieStudio;Thu Dec 17 14:29:25 +0000 2020;['No Hashtags'];2;2;['https://t.co/eSZsq3CgEV', 'https://t.co/HFpx9nQ8fH']
87;Macron;Macron has Covid...voila';heyjudenyc;Thu Dec 17 14:27:48 +0000 2020;['No Hashtags'];0;0;[]
88;Macron;Emmanuel Macron, President of France, tests positive for COVID-19 - Macron #Macron -  https://t.co/80IioraPkA;SquirgeC;Thu Dec 17 13:49:47 +0000 2020;['Macron'];0;0;['https://t.co/80IioraPkA']
89;Macron;Presiden Prancis Emmanuel Macron Positif Covid-19 https://t.co/upG8uYVryv;Yukii_ajaa;Thu Dec 17 13:53:23 +0000 2020;['No Hashtags'];1;0;['https://t.co/upG8uYVryv']
90;Macron;Presiden Prancis Emmanuel Macron positif Covid-19 https://t.co/yajSbMKaUl https://t.co/efcOKPKJ24;AnadoluAgencyID;Thu Dec 17 13:55:00 +0000 2020;['No Hashtags'];0;0;['https://t.co/yajSbMKaUl', 'https://t.co/efcOKPKJ24']
91;Macron;Emmanuel Macron Positif¬†COVID-19 https://t.co/3BxQtYzUhb;nunuindonesia;Thu Dec 17 14:29:49 +0000 2020;['No Hashtags'];0;0;['https://t.co/3BxQtYzUhb']
92;Macron;"French President Emmanuel Macron Tests Positive For COVID-19 

https://t.co/dTptHeHFV1

Emmanuel Macron";globalextra;Thu Dec 17 13:55:39 +0000 2020;['No Hashtags'];0;0;['https://t.co/dTptHeHFV1']
93;Macron;@Samilafourmis Macron com Covid?#jesuiscovid;SodreWalber;Thu Dec 17 14:04:55 +0000 2020;['jesuiscovid'];0;0;[]
94;Macron;@AnjillofLight_ @mil_ops Ummm üëÄüëáüèºüçø Macron back in the news!!! https://t.co/wsc4aYBGut;USA_2020_DK;Thu Dec 17 14:38:58 +0000 2020;['No Hashtags'];0;0;['https://t.co/wsc4aYBGut']
95;Macron;Emmanuel Macron, President of France, tests positive for COVID-19 - Emmanuel Macron #EmmanuelMacron -  https://t.co/iyLNM9xfjh;SquirgeC;Thu Dec 17 13:47:59 +0000 2020;['EmmanuelMacron'];0;0;['https://t.co/iyLNM9xfjh']
96;Macron;MACRON positif a la COVID-19 who is next? https://t.co/Hi2ZvVidTQ;LuLePen;Thu Dec 17 14:09:08 +0000 2020;['No Hashtags'];1;0;['https://t.co/Hi2ZvVidTQ']
97;Macron;French President Emmanuel Macron tests positive for COVID-19 - BBC News https://t.co/JDkjfkG36A;LouisB21950;Thu Dec 17 13:59:45 +0000 2020;['No Hashtags'];0;0;['https://t.co/JDkjfkG36A']
98;Macron;French President Emmanuel Macron tests positive for COVID-19 - BBC News https://t.co/Cf6LJ9kWDD;MichaelRikon;Thu Dec 17 13:53:36 +0000 2020;['No Hashtags'];0;0;['https://t.co/Cf6LJ9kWDD']
99;Macron;French President Emmanuel Macron tests positive for COVID-19 - BBC News https://t.co/ZGYIlPWbEq;LadyBug67072655;Thu Dec 17 14:33:36 +0000 2020;['No Hashtags'];0;0;['https://t.co/ZGYIlPWbEq']
100;Germany;@realDonaldTrump @OANN Fake News channel @OANN also claimed Coronavirus was developed in a lab in North Carolina.;DavidHe12765405;Thu Dec 17 14:07:13 +0000 2020;['No Hashtags'];0;0;[]
101;Germany;"„ÄêÂ∫∑Â∑ûÁõòÂè§ÂÜúÂú∫„ÄëHow did the 2017 Performance Assessment Report of Wuhan P4 Lab come out?
https://t.co/qR1TpJvsWR
Author: HimalayaCT-CPA Jim
Proofreading and revised by HimalayaCT- V
Audited by HimalayaCT-Truemanman";yeyu20200604;Thu Dec 17 14:18:10 +0000 2020;['No Hashtags'];2;1;['https://t.co/qR1TpJvsWR']
102;Germany;Exclusive: WHO-led team expected in China in January to probe COVID-19 origins - experts | Reuters https://t.co/ZMIeYxEGF4;sfastlicht;Thu Dec 17 14:15:28 +0000 2020;['No Hashtags'];0;0;['https://t.co/ZMIeYxEGF4']
103;Germany;@thewisdomofh @TweetBlakemore @JeremyClarkson Average motorised traffic speed in central London was 7mph prior to Covid-19!;JohnieClayton_;Thu Dec 17 14:05:52 +0000 2020;['No Hashtags'];0;0;[]
104;Germany;"China and nine Caribbean countries held their second special vice foreign ministers' meeting on COVID-19 response on December 16
https://t.co/BhdVMJTgyM https://t.co/PWueGagfwa";BeijingReview;Thu Dec 17 14:00:00 +0000 2020;['No Hashtags'];2;0;['https://t.co/BhdVMJTgyM', 'https://t.co/PWueGagfwa']
105;Germany;Exclusive: WHO-led team expected in China in January to probe COVID-19 origins - experts  https://t.co/NSeAUuIdr6;FedtheEffUp1;Thu Dec 17 14:03:52 +0000 2020;['No Hashtags'];0;0;['https://t.co/NSeAUuIdr6']
106;Germany;"Tafrishaala Prime Time
.
#India #CallCenter #scam #WHO #COVID19 #China #coronavirus #SnowStorm2020 #USA #PSLVC50 #ISRO #CMS01 #Pakistan #Afghanistan #Primetime #WorldNews #Newsnight #Tafrishaala #aaa2innovate https://t.co/noiMGtdJY2";tafrishaala;Thu Dec 17 14:29:51 +0000 2020;['India', 'CallCenter', 'scam', 'WHO', 'COVID19', 'China', 'coronavirus', 'SnowStorm2020', 'USA', 'PSLVC50', 'ISRO', 'CMS01', 'Pakistan', 'Afghanistan', 'Primetime', 'WorldNews', 'Newsnight', 'Tafrishaala', 'aaa2innovate'];3;0;['https://t.co/noiMGtdJY2']
107;Germany;"New article: ""Pfizer - Number Of Pfizer COVID-19 Doses Coming To Illinois In Second Half Of December Cut In Half ‚Äì CBS Chicago"" has been published on Fintech Zoom - https://t.co/TUBrDoZoFO @FintechZoom #Fintech #Blockchain #Crypto #Cryptocurrency #ICO https://t.co/gHdhmkAXkj";FinTechZoom;Thu Dec 17 14:15:52 +0000 2020;['Fintech', 'Blockchain', 'Crypto', 'Cryptocurrency', 'ICO'];1;0;['https://t.co/TUBrDoZoFO', 'https://t.co/gHdhmkAXkj']
108;Germany;"DAILY SABAH on Twitter: ""Turkey projected to be least affected by the coronavirus-related decrease in electricity demand in Europe with an expected 0.3% drop, International Energy Agency report shows https://t.co/8OepWx0oAj"" / Twitter - https://t.co/ZAxYw8n1Sz";PinarAkarturk;Thu Dec 17 14:20:28 +0000 2020;['No Hashtags'];0;0;"['https://t.co/8OepWx0oAj""', 'https://t.co/ZAxYw8n1Sz']"
109;Germany;Given the fact that covid has been found in some other countries earlier than last December when China reported its frist outbreaks, and recurring reports of new outbreaks in China from imported frozen fish products, I really suspect Wuhan is the first https://t.co/KK4qpwygNK;WuGang_CX;Thu Dec 17 13:49:11 +0000 2020;['No Hashtags'];0;0;['https://t.co/KK4qpwygNK']
110;Germany;#UPDATE The EU is set to start Covid-19 inoculations on December 27, Commission President Ursula von der Leyen said Thursday, her spokesman adding the rollout was conditional on the European Medicines Agency authorising the #PfizerBioNTech jab's use https://t.co/NRRbUaT4lf https://t.co/L32mzZg0rM;AFP;Thu Dec 17 14:31:55 +0000 2020;['UPDATE', 'PfizerBioNTech'];30;18;['https://t.co/NRRbUaT4lf', 'https://t.co/L32mzZg0rM']
111;Germany;"It may only be December, but the January edition of AEI Polling Report is out now! We review public opinion on Trump's presidency, Biden's transition, COVID-19, hot button issues thru the decade, and the Elec College. @AEI @AEIPol 

https://t.co/sgPSOaqKvT";samgold_polls;Thu Dec 17 14:23:44 +0000 2020;['No Hashtags'];1;0;['https://t.co/sgPSOaqKvT']
112;Germany;@khamenei_ir #Iran #womensrights activist #NasrinSotoudeh was released to recover from #COVID19 but sent back to prison on Dec 2 https://t.co/eBW0HXHhAQ #FreeNasrin;hungyehp;Thu Dec 17 14:21:55 +0000 2020;['Iran', 'womensrights', 'NasrinSotoudeh', 'COVID19', 'FreeNasrin'];0;0;['https://t.co/eBW0HXHhAQ']
113;Germany;@j59841320 #Iran #womensrights activist #NasrinSotoudeh was released to recover from #COVID19 but sent back to prison on Dec 2 https://t.co/Jpd3V1PtMK #FreeNasrin https://t.co/9umRgoTNUc;RobertMcBryde;Thu Dec 17 14:03:02 +0000 2020;['Iran', 'womensrights', 'NasrinSotoudeh', 'COVID19', 'FreeNasrin'];1;2;['https://t.co/Jpd3V1PtMK', 'https://t.co/9umRgoTNUc']
114;Germany;hockey players have the worst initiations. https://t.co/wcW1mTCxt9;turtle75284549;Thu Dec 17 14:36:42 +0000 2020;['No Hashtags'];0;0;['https://t.co/wcW1mTCxt9']
115;Germany;"You‚Äôre out of your mind

Nobody knows what‚Äôs in this, it was approved based on an interim analysis, and has not been independently peer reviewed - the gold standard for new pharmaceuticals

But go ahead and have your ‚Äúshow‚Äù https://t.co/Uszb8SAWQb";DrJaneRuby;Thu Dec 17 14:12:01 +0000 2020;['No Hashtags'];0;0;['https://t.co/Uszb8SAWQb']
116;Germany;"Vera Eloi da Fonseca: ""In Portugal, we have developed an equality plan to mainstream gender into all sectors. During the Portuguese EU Presidency next year a report on the gender perspective of the impact of COVID will be published.‚Äù";IOMatEU;Thu Dec 17 14:07:25 +0000 2020;['No Hashtags'];0;0;[]
117;Germany;Sometime between June and September! https://t.co/v93x31fJF7;Sidler28;Thu Dec 17 14:19:50 +0000 2020;['No Hashtags'];0;0;['https://t.co/v93x31fJF7']
118;Germany;"POLITICS: Budget date confirmed - as well as when we'll hear about the new Covid-19 plan &gt;&gt;&gt; Daily Mirror https://t.co/ngvmUzMn73";MrDJones;Thu Dec 17 14:37:16 +0000 2020;['No Hashtags'];0;0;['https://t.co/ngvmUzMn73']
119;Germany;New Zealand To Give Free Vaccines To Entire Population And Pacific Islands : Coronavirus Updates : NPR https://t.co/WgjXfoViru;RosenthalEllery;Thu Dec 17 14:22:33 +0000 2020;['No Hashtags'];3;1;['https://t.co/WgjXfoViru']
120;Spain;"Tobias Ellwood recently criticised Johnson and his gun boat bollocks. [Bit of context to put [Patel in and drop in the Channel.]
Priti Patel accuses senior Tory MP of breaking Covid rules https://t.co/yDgprGBzWI";Geoff_McGivern;Thu Dec 17 13:59:19 +0000 2020;['No Hashtags'];2;1;['https://t.co/yDgprGBzWI']
121;Spain;Weekend matchups shuffled to North Carolina-Kentucky, Ohio State-UCLA over coronavirus protocols  https://t.co/PhxGahae2H;mikewildcat7;Thu Dec 17 14:35:34 +0000 2020;['No Hashtags'];0;0;['https://t.co/PhxGahae2H']
122;Spain;"The Chairman, Nigerians in Diaspora Commission, Abike Dabiri-Erewa, has taken to her Twitter account to announce that Nigerian singers, Omah Lay and Tems, have arrived in Nigeria.

Both singers were arrested in Uganda for flouting COVID-19 rules. https://t.co/9Yk4OfYGGZ https://t.co/E5UXQGhtg5";OsunDigiRadio;Thu Dec 17 13:59:21 +0000 2020;['No Hashtags'];0;0;['https://t.co/9Yk4OfYGGZ', 'https://t.co/E5UXQGhtg5']
123;Spain;"No10 condemns Tory MP Tobias Ellwood for 'egregious breach' of coronavirus rules 
If he was Cummings he'd have got a payrise
A minister, Tory MPs told to back him on Twitter 
#torycorruption
https://t.co/1S3RUWDbTH";mmaher70;Thu Dec 17 14:29:13 +0000 2020;['torycorruption'];4;4;['https://t.co/1S3RUWDbTH']
124;Spain;"The Chairman, Nigerians in Diaspora Commission, Abike Dabiri-Erewa, has taken to her Twitter account to announce that Nigerian singers, Omah Lay and Tems, have arrived in Nigeria.

Both singers were arrested in Uganda for flouting COVID-19 rules. They were arrested after their https://t.co/S9qLuTK2TX";newsmegabyte;Thu Dec 17 14:08:19 +0000 2020;['No Hashtags'];0;0;['https://t.co/S9qLuTK2TX']
125;Spain;"Why can't they keep their distance as we've been advised as a basic precaution? I see at least a half dozen photos from just the last week of Macron all up in other world leaders' faces.
Is this necessary or wise? https://t.co/SnQB4qfGBH";FrankMacniven;Thu Dec 17 14:21:13 +0000 2020;['No Hashtags'];1;0;['https://t.co/SnQB4qfGBH']
126;Spain;. @FredEisenberger tells @ChmlBillKelly for @fordnation  to follow the data and lockdown  #hamilton. Due to  household gathering and #gta shopping without data to back it up? More confusing messaging from our leaders;albermarle99;Thu Dec 17 14:21:12 +0000 2020;['hamilton', 'gta'];3;0;[]
127;Spain;@albericie The LNP/IPA Gold Standard ... Apparently #auspol #COVID19 #Quarantine #ridiculous;Ultimateqestion;Thu Dec 17 14:04:21 +0000 2020;['auspol', 'COVID19', 'Quarantine', 'ridiculous'];3;0;[]
128;Spain;"On the 12th day of Covid, Boris gave to me...
12 morbid headlines,
11 singers breaching,
10 MPs preaching,
9 coughs &amp; splutters
8 masks in gutters,
7 day isolation, 
6 cancelled vacations,
5 LANYARDS
4 Track Trace apps,
3 tiers of crap,
2 metre signs,
And a Xmas stuck in tier 3.";kippaxcity73;Thu Dec 17 14:05:10 +0000 2020;['No Hashtags'];0;1;[]
129;Spain;"Just 2 weeks remain in the winter qualification period so many are heading out for final points - please follow the COVID protocols. Qualification emails are on their way so thoughts turn to which Regional to do.  There's a venue change in the Midlands.
https://t.co/BKpX7eh9e0 https://t.co/TuUn8MKXhs";britishdressage;Thu Dec 17 14:06:46 +0000 2020;['No Hashtags'];2;0;['https://t.co/BKpX7eh9e0', 'https://t.co/TuUn8MKXhs']
130;Spain;Truck drivers roll, even as other Canadians face new Covid-19 restrictions - Truck News https://t.co/RHZ7WJ8BeP;FleetSafetyConf;Thu Dec 17 14:02:37 +0000 2020;['No Hashtags'];0;0;['https://t.co/RHZ7WJ8BeP']
131;Spain;"I suck at marketing so I won't write some shpiel about this. It seems that there's high demand for face shields, like the one Miss South Africa @abigailmusida wore at her @UPTuks visit. If you're keen, DM me and I'll get them sourced for you.

#COVID19 #StaySafe https://t.co/4xlF5PqgJ3";EliteGentleman;Thu Dec 17 14:15:41 +0000 2020;['COVID19', 'StaySafe'];0;1;['https://t.co/4xlF5PqgJ3']
132;Spain;Not the gold standard https://t.co/BP5434Rpdy;Cazkellie;Thu Dec 17 14:15:26 +0000 2020;['No Hashtags'];0;0;['https://t.co/BP5434Rpdy']
133;Spain;...this happened after ‚Äúwe went to press‚Äù last night. it follows the supreme court‚Äôs ruling on similar issues. https://t.co/tRkoP3axKq;730_DC;Thu Dec 17 13:49:32 +0000 2020;['No Hashtags'];4;0;['https://t.co/tRkoP3axKq']
134;Spain;L'#Elysee  cluster? https://t.co/O1unuFSM4e;Ehhhh_TOI;Thu Dec 17 14:11:45 +0000 2020;['Elysee'];0;0;['https://t.co/O1unuFSM4e']
135;Spain;Priti Patel says MP Tobias Ellwood‚Äôs alleged Christmas dinner speech was an ‚Äòegregious breach‚Äô of Covid rules | #report https://t.co/aUZZglj9BC;MeganAr76643964;Thu Dec 17 14:16:14 +0000 2020;['report'];0;0;['https://t.co/aUZZglj9BC']
136;Spain;"Contact me here: https://t.co/5qD6A9vBHg

#Logo #graphicdesign #designing #design #creativity #coronavirus #Covid_19 #Norma l #art #thursdayvibes #thursdaymorning #BiggBoss14 #EndSARS #F1 #OneDirection #PowerPacked #Qatar  #AskBB7 #USA https://t.co/kQNCoMu3Cm";fawad_hassan29;Thu Dec 17 14:14:29 +0000 2020;['Logo', 'graphicdesign', 'designing', 'design', 'creativity', 'coronavirus', 'Covid_19', 'Norma', 'art', 'thursdayvibes', 'thursdaymorning', 'BiggBoss14', 'EndSARS', 'F1', 'OneDirection', 'PowerPacked', 'Qatar', 'AskBB7', 'USA'];0;1;['https://t.co/5qD6A9vBHg', 'https://t.co/kQNCoMu3Cm']
137;Spain;"Contact me here: https://t.co/5qD6A9vBHg

#Logo #graphicdesign #designing #design #creativity #coronavirus #Covid_19 #Norma l #art #thursdayvibes #thursdaymorning #BiggBoss14 #EndSARS #F1 #OneDirection #PowerPacked #Qatar  #AskBB7 #USA https://t.co/CqUxKV0CKt";fawad_hassan29;Thu Dec 17 14:14:02 +0000 2020;['Logo', 'graphicdesign', 'designing', 'design', 'creativity', 'coronavirus', 'Covid_19', 'Norma', 'art', 'thursdayvibes', 'thursdaymorning', 'BiggBoss14', 'EndSARS', 'F1', 'OneDirection', 'PowerPacked', 'Qatar', 'AskBB7', 'USA'];0;1;['https://t.co/5qD6A9vBHg', 'https://t.co/CqUxKV0CKt']
138;Spain;ESCAPE: Spike in travel bookings for 2021 and beyond... https://t.co/9LTHkATsao #drudge;drudgereportapp;Thu Dec 17 14:28:01 +0000 2020;['drudge'];0;0;['https://t.co/9LTHkATsao']
139;Spain;"South Park Coronavirus üòÇüòÇ
So true!!
https://t.co/DeesvN43uz via @YouTube";dave_pries;Thu Dec 17 14:32:11 +0000 2020;['No Hashtags'];0;0;['https://t.co/DeesvN43uz']
140;restaurant;@JayInslee No connection to restaurants Jay. https://t.co/E2vlUkuOr4;FredricoPena;Thu Dec 17 14:20:46 +0000 2020;['No Hashtags'];0;0;['https://t.co/E2vlUkuOr4']
141;restaurant;But restaurants?? #Tyranny https://t.co/C4e9lkkpQq;Mia_patriot2A;Thu Dec 17 14:25:01 +0000 2020;['Tyranny'];1;0;['https://t.co/C4e9lkkpQq']
142;restaurant;COVID-19 restrictions on bars, restaurants ease overnight https://t.co/1OwZK6AnoB;KCCINews;Thu Dec 17 13:52:05 +0000 2020;['No Hashtags'];2;2;['https://t.co/1OwZK6AnoB']
143;restaurant;Analysis: Are restaurants and bars kindling COVID-19 in Minn.? https://t.co/EApEYoDVZV via @mprnews;mngopherbroke;Thu Dec 17 14:02:47 +0000 2020;['No Hashtags'];1;0;['https://t.co/EApEYoDVZV']
144;restaurant;"Strip clubs in San Diego may stay open while bars and restaurants are closed during COVID, judge decides https://t.co/ICO0Qjbxj9 
https://t.co/nvRPxwSxur
news";Jersey_Devil;Thu Dec 17 14:26:45 +0000 2020;['No Hashtags'];0;0;['https://t.co/ICO0Qjbxj9', 'https://t.co/nvRPxwSxur']
145;restaurant;San Diego will pause enforcing COVID-19 restrictions against restaurants. https://t.co/lk1bQFHUZy;kron4news;Thu Dec 17 14:15:00 +0000 2020;['No Hashtags'];17;0;['https://t.co/lk1bQFHUZy']
146;restaurant;The Junta has relaxed the festive coronavirus containment measures so that bars and restaurants can now stay open between 6 and 8pm from Saturday, but only if they function as a caf√©... https://t.co/BfIx58BR6H https://t.co/Sfgcu10YQU;MarbellaNews;Thu Dec 17 14:08:55 +0000 2020;['No Hashtags'];0;0;['https://t.co/BfIx58BR6H', 'https://t.co/Sfgcu10YQU']
147;restaurant;Shop local. https://t.co/l729LWPMSF;RushworthBond;Thu Dec 17 14:11:36 +0000 2020;['No Hashtags'];2;0;['https://t.co/l729LWPMSF']
148;restaurant;"And NJ is still not closing bars &amp; restaurants because what exactly?

Outdoor dining in a heated yurt is exactly the same as eating inside the restaurant, ya yobs https://t.co/BZ6OTVbANn";djezreader;Thu Dec 17 14:12:23 +0000 2020;['No Hashtags'];0;0;['https://t.co/BZ6OTVbANn']
149;restaurant;The restaurant industry faces a potentially dark winter as outdoor dining closes. https://t.co/pas7wynJHM;thedailyjournal;Thu Dec 17 14:23:03 +0000 2020;['No Hashtags'];0;0;['https://t.co/pas7wynJHM']
150;restaurant;The restaurant industry faces a potentially dark winter as outdoor dining closes. https://t.co/beo4c332g6;pressconnects;Thu Dec 17 14:34:04 +0000 2020;['No Hashtags'];1;0;['https://t.co/beo4c332g6']
151;restaurant;The restaurant industry faces a potentially dark winter as outdoor dining closes. https://t.co/Cx7RsjUd5o;ithacajournal;Thu Dec 17 14:31:02 +0000 2020;['No Hashtags'];0;0;['https://t.co/Cx7RsjUd5o']
152;restaurant;'What's a heater gonna do when it's 30 degrees': Restaurants face bleak winter in COVID-19 https://t.co/hoWcxZ6KAq;thomaskaine5;Thu Dec 17 14:21:12 +0000 2020;['No Hashtags'];16;2;['https://t.co/hoWcxZ6KAq']
153;restaurant;@MikelSevere could you ask Sarah, with a small gathering because of Covid, what restaurants are open on Christmas day for takeout prime rib.;jwheel82;Thu Dec 17 14:02:00 +0000 2020;['No Hashtags'];0;0;[]
154;restaurant;Judge says California strip clubs can remain open, set own coronavirus rules https://t.co/qu6SNSmYqK via @BIZPACReview                                                           But. houses of worship stay closed...... Californication.;abductmr;Thu Dec 17 14:03:43 +0000 2020;['No Hashtags'];0;0;['https://t.co/qu6SNSmYqK']
155;restaurant;If no links then open ALL THE WAY. https://t.co/zm8JvMPzRc;wildjoylife;Thu Dec 17 14:03:52 +0000 2020;['No Hashtags'];0;0;['https://t.co/zm8JvMPzRc']
156;restaurant;7 region of Ontario must 100% lockdown, including all big box store, small store, restaurants, bar, convenient store,  school, college and university. Only open 2 days/weeks/ region for groceries and pharmacy only. Only one person goes out for buying essential items.;Rahman02096893;Thu Dec 17 14:28:31 +0000 2020;['No Hashtags'];0;0;[]
157;restaurant;One Town Resists Governor‚Äôs Lockdown ‚ÄúWe Will NOT Comply‚Äù Opens ALL Restaurants  https://t.co/VkdKmEk0IO;Jagauress;Thu Dec 17 14:07:40 +0000 2020;['No Hashtags'];0;0;['https://t.co/VkdKmEk0IO']
158;restaurant;"One Town Resists Governor‚Äôs Lockdown ‚ÄúWe Will NOT Comply"" Opens ALL Restaurants - https://t.co/hSyiDqjY3b via @Shareaholic";LkaHoman;Thu Dec 17 14:27:34 +0000 2020;['No Hashtags'];0;0;['https://t.co/hSyiDqjY3b']
159;restaurant;Why aren't we open? https://t.co/7gRnyFs9ze;TinaMortonWalk1;Thu Dec 17 14:12:36 +0000 2020;['No Hashtags'];0;0;['https://t.co/7gRnyFs9ze']
160;economy;"evidence that the economy‚Äôs recovery from the pandemic recession was faltering.¬†¬†
https://t.co/ECtdgozt21 
#usa #unemployment #economy";fxaffairs;Thu Dec 17 13:52:57 +0000 2020;['usa', 'unemployment', 'economy'];0;0;['https://t.co/ECtdgozt21']
161;economy;Folly by the government to increase regressive taxes whilst the economy is still suffering and heading for recession. https://t.co/ZxDHvpolNt;MikeMcCusker15;Thu Dec 17 14:07:55 +0000 2020;['No Hashtags'];0;0;['https://t.co/ZxDHvpolNt']
162;economy;No amount of govt intervention adequate for pandemic-hit economy: FM Nirmala Sitharaman https://t.co/iShmcoaHHH;republic;Thu Dec 17 14:27:11 +0000 2020;['No Hashtags'];124;5;['https://t.co/iShmcoaHHH']
163;economy;No amount of govt intervention adequate for pandemic-hit economy: FM https://t.co/w60aG7hiN9;TOIBusiness;Thu Dec 17 14:25:09 +0000 2020;['No Hashtags'];2;0;['https://t.co/w60aG7hiN9']
164;economy;@RepKenBuck @AmericaNewsroom Why do you continue to fail to serve your country during the Pandemic? https://t.co/SJU9lEaT2R;COPi314;Thu Dec 17 14:09:33 +0000 2020;['No Hashtags'];3;1;['https://t.co/SJU9lEaT2R']
165;economy;"üá®üá¶üá®üá¶üá®üá¶üá®üá¶üá®üá¶

Because Canada's political leadership... delivers for Canadians citizens, her economy, and small business. 

@liberal_party @NDP https://t.co/Yy7bJexkl0";jmhamiltonblog;Thu Dec 17 14:38:54 +0000 2020;['No Hashtags'];0;0;['https://t.co/Yy7bJexkl0']
166;economy;@irunthiscity88 This country still hit for hella money in the pandemic;DjPrezG5;Thu Dec 17 14:08:10 +0000 2020;['No Hashtags'];0;0;[]
167;economy;"@wolfblitzer The self-made ""pandemic"" continues only because DEMOCRAT governors are imposing illegal orders to destroy the economy to bring in the #GreatReset.";eaglesflysolo81;Thu Dec 17 14:09:33 +0000 2020;['GreatReset'];0;0;[]
168;economy;Too many PoMos for a small country! https://t.co/szZF9ZeaZ9;Meggi_DE;Thu Dec 17 14:28:28 +0000 2020;['No Hashtags'];0;0;['https://t.co/szZF9ZeaZ9']
169;economy;Imagine living in a country where the government raised taxes in the middle of the pandemic https://t.co/UUs5lAHIAw;wtfjxremie;Thu Dec 17 14:23:36 +0000 2020;['No Hashtags'];2;0;['https://t.co/UUs5lAHIAw']
170;economy;@esglaude @dansinker The Pentagon budget is $20 billion a day yet we are too poor to provide Americans a monthly stipend, as less rich countries have done, during the entire pandemic.;FredStlwlkr58;Thu Dec 17 14:34:34 +0000 2020;['No Hashtags'];0;0;[]
171;economy;"Building a Resilient Economy‚Äî@zoe_institute et al analysing options for #SystemChange to transform the world‚Äôs economic and financial systems after the pandemic &gt;&gt; https://t.co/neuaybCGpg cc #PostGrowth #ProsperityWithoutGrowth #DoughnutEconomics #WellbeingEconomy https://t.co/1H1fZTDDpZ";CUSP_uk;Thu Dec 17 14:00:42 +0000 2020;['SystemChange', 'PostGrowth', 'ProsperityWithoutGrowth', 'DoughnutEconomics', 'WellbeingEconomy'];1;0;['https://t.co/neuaybCGpg', 'https://t.co/1H1fZTDDpZ']
172;economy;"@OldBob17 @pritipatel If decades on you still blame Labour for a global financial crash. 

Will you also blame the Tories for a global pandemic which destroyed the economy? 

I suggest both assertions are incorrect and nonsensical.";PMLEGEND;Thu Dec 17 13:59:52 +0000 2020;['No Hashtags'];0;0;[]
173;economy;@proviewsusa @chuckschumer @SenSchumer give the 14 billion to the citizens. Then they might have enough money to buy a ticket when the economy is saved and the pandemic ends.;BirkieGal;Thu Dec 17 14:12:52 +0000 2020;['No Hashtags'];15;4;[]
174;economy;"Covid pandemic led thousands of businesses to slash 401(k) contributions #economy #401k #businessnews #businesses #careers #contributions #covid #investmentstrategy #...
https://t.co/Ub1pyP5OSP";BTCETHNews;Thu Dec 17 14:17:31 +0000 2020;['economy', '401k', 'businessnews', 'businesses', 'careers', 'contributions', 'covid', 'investmentstrategy'];0;0;['https://t.co/Ub1pyP5OSP']
175;economy;"Australian jobs surpassed expectations again in November, pushing the unemployment rate lower in a sign massive monetary and fiscal stimulus was bearing fruit after the country brought the coronavirus pandemic under control.
#Australia #unemployment #Jobs #economy #investment";HaitouGlobal;Thu Dec 17 14:15:12 +0000 2020;['Australia', 'unemployment', 'Jobs', 'economy', 'investment'];1;0;[]
176;economy;Few major economies investing in nature-friendly COVID-19 recovery. Only 7 of 25 major economies have stimulus packages that have a net-positive benefit for the climate and nature, researchers say https://t.co/xbMxb2aD0D;NatureArticles;Thu Dec 17 13:53:36 +0000 2020;['No Hashtags'];0;0;['https://t.co/xbMxb2aD0D']
177;economy;"@JamesCleverly @tradegovuk What economy will these 58 countries be dealing with?

The Tory party is strangling the living daylights out of ours via perpetual lockdown.";boho_daisies;Thu Dec 17 14:01:36 +0000 2020;['No Hashtags'];0;0;[]
178;economy;"Unfortunately, their economies haven't escaped #COVID19's impact. #Thailand #Cambodia 
https://t.co/YeOJII5mY4";josebcollazo;Thu Dec 17 14:01:48 +0000 2020;['COVID19', 'Thailand', 'Cambodia'];0;0;['https://t.co/YeOJII5mY4']
179;economy;Spaaza the rest of the country but not Job's cityüòå https://t.co/Gcc50NZjsp;JosephV1402;Thu Dec 17 14:19:25 +0000 2020;['No Hashtags'];0;0;['https://t.co/Gcc50NZjsp']
180;school;@podroberts only secondary schools https://t.co/Y93T41IKLy;AllenWeso6;Thu Dec 17 13:57:38 +0000 2020;['No Hashtags'];0;0;['https://t.co/Y93T41IKLy']
181;school;So are schools closed again? https://t.co/dTDTZpjIMb;BeanFromPA;Thu Dec 17 14:17:38 +0000 2020;['No Hashtags'];1;0;['https://t.co/dTDTZpjIMb']
182;school;"#UnionStrong reminder that many #NYC school buildings contain 2-3 schools each.
171 buildings w/ #COVID19 &gt; 171 schools. @CTULocal1 @MFT59 @OaklandEA @BTU66 @MTEAunion @UTLAnow https://t.co/h2qpUXmTSx";labor_against;Thu Dec 17 13:49:30 +0000 2020;['UnionStrong', 'NYC', 'COVID19'];5;3;['https://t.co/h2qpUXmTSx']
183;school;@IraStoll asks @BostonCathSupt how and why Boston-area Catholic schools have pulled off in-person schooling this fall. https://t.co/SmO2vGLwvr;ProfMartyWest;Thu Dec 17 14:27:44 +0000 2020;['No Hashtags'];1;1;['https://t.co/SmO2vGLwvr']
184;school;@AndreaMurray67 Covid-19 transmitted in fewer than 10 schools ‚Äì #NPHET;BillEbrill;Thu Dec 17 13:51:09 +0000 2020;['NPHET'];0;0;[]
185;school;They really have the audacity to say open schools when they‚Äôre the most embarrassed fandom since the pandemic schools should be open for them üò≠;nihallxn;Thu Dec 17 14:04:00 +0000 2020;['No Hashtags'];0;0;[]
186;school;But sure, open schools. https://t.co/AuxP8IYzhl;StoneFree924;Thu Dec 17 14:33:40 +0000 2020;['No Hashtags'];0;0;['https://t.co/AuxP8IYzhl']
187;school;"@Lollita35126674 @Stavros_papa @Themomnextdoor2 @CP24 @epdevilla ‚Äúlargely due to COVID-19 being acquired outside of school rather than within it‚Äù

https://t.co/IJlX2l6CSW";polarazzi;Thu Dec 17 14:24:38 +0000 2020;['No Hashtags'];0;0;['https://t.co/IJlX2l6CSW']
188;school;The struggle is real--As teachers quarantine, Philly-area schools hunt for substitutes https://t.co/sxbW5OAbgM via @phillyinquirer;PhilaEnergyGal;Thu Dec 17 13:50:23 +0000 2020;['No Hashtags'];1;1;['https://t.co/sxbW5OAbgM']
189;school;@AndreaMurray67 I get you don't like the schools being open. We got the rates down from 1,200 per day to 200/300 while schools were open. The schools are not driving the pandemic. behaviours are.;BillEbrill;Thu Dec 17 13:57:16 +0000 2020;['No Hashtags'];0;0;[]
190;school;Schools ready to fight¬†Covid-19 https://t.co/gSQ30xbLUi;ExBulletinUk;Thu Dec 17 14:04:13 +0000 2020;['No Hashtags'];0;0;['https://t.co/gSQ30xbLUi']
191;school;@FaggotMale they had an anti-vaccine protest near my school üíÄ;sansENJOYER;Thu Dec 17 14:24:15 +0000 2020;['No Hashtags'];1;0;[]
192;school;"Good news for Secondary Schools and Colleges from January, but what about Primary Schools? Do you think testing should be extended to Primary Schools too?

https://t.co/S7k3c1KZ2z";PairooEducation;Thu Dec 17 14:17:57 +0000 2020;['No Hashtags'];0;0;['https://t.co/S7k3c1KZ2z']
193;school;After COVID-19 outbreak, San Ramon district backtracks from reopening schools https://t.co/SbNMIxCrZ1;mercnews;Thu Dec 17 14:01:41 +0000 2020;['No Hashtags'];1;0;['https://t.co/SbNMIxCrZ1']
194;school;After COVID-19 outbreak, San Ramon district backtracks from reopening schools https://t.co/hDKKOe4MkZ;EastBayTimes;Thu Dec 17 14:01:29 +0000 2020;['No Hashtags'];0;0;['https://t.co/hDKKOe4MkZ']
195;school;Picking up my kids from school. https://t.co/ACRKpwJVlL;marie_croke;Thu Dec 17 13:51:08 +0000 2020;['No Hashtags'];0;0;['https://t.co/ACRKpwJVlL']
196;school;"So stagger return but don‚Äôt you dare close schools early before Christmas! COVID-19: Secondary schools in England told to stagger pupils' return in January
https://t.co/v3sH2EHWQM https://t.co/NbDcBcrWr0";nash_gelnash;Thu Dec 17 14:03:54 +0000 2020;['No Hashtags'];0;0;['https://t.co/v3sH2EHWQM', 'https://t.co/NbDcBcrWr0']
197;school;This is the worst option. Teaching some students in school whilst some are at home is a nightmare!! #schools #education #coronavirus https://t.co/spI1Xw9YJJ;physics_jamie;Thu Dec 17 13:56:35 +0000 2020;['schools', 'education', 'coronavirus'];0;0;['https://t.co/spI1Xw9YJJ']
198;school;Germany and the Netherlands shut down the schools. This says it all. https://t.co/8o8xiOUwdq;Heaudrais;Thu Dec 17 13:59:59 +0000 2020;['No Hashtags'];1;1;['https://t.co/8o8xiOUwdq']
199;school;@tes It may be acquired outside of school but pupils are spreading covid inside school once they have contracted it.;noncontacttime;Thu Dec 17 14:13:25 +0000 2020;['No Hashtags'];2;0;[]
